Timestamp (GMT),Gas Detected
2025-03-11 16:10:07,Gas detected!
2025-03-11 16:11:58,Gas detected!
2025-03-11 16:18:59,No gas detected
2025-03-11 16:25:29,No gas detected
2025-03-11 16:38:58,No gas detected
2025-03-11 16:40:31,No gas detected
2025-03-11 16:40:39,No gas detected
2025-03-11 16:42:34,No gas detected
2025-03-11 16:43:00,No gas detected
2025-03-11 16:44:56,No gas detected
2025-03-12 14:58:01,No gas detected
2025-03-12 15:00:02,No gas detected
2025-03-12 15:01:32,No gas detected
2025-03-12 15:01:40,No gas detected
2025-03-12 15:15:43,No gas detected
2025-03-12 15:18:16,No gas detected
2025-03-12 15:19:27,No gas detected
2025-03-12 15:20:47,No gas detected
2025-03-12 15:24:38,No gas detected
2025-03-12 15:25:38,No gas detected
2025-03-12 15:25:40,No gas detected
2025-03-12 15:25:41,No gas detected
2025-03-12 15:25:42,No gas detected
2025-03-12 15:25:43,No gas detected
2025-03-12 15:25:44,No gas detected
2025-03-12 15:25:45,No gas detected
2025-03-12 15:25:46,No gas detected
2025-03-12 15:25:47,No gas detected
2025-03-12 15:25:47,No gas detected
2025-03-12 15:25:48,No gas detected
2025-03-12 15:25:49,No gas detected
2025-03-12 15:25:50,No gas detected
2025-03-12 15:26:20,No gas detected
2025-03-12 15:26:21,No gas detected
2025-03-12 15:29:04,No gas detected
2025-03-12 15:36:53,No gas detected
2025-03-12 15:37:18,No gas detected
2025-03-12 15:37:19,No gas detected
2025-03-12 15:37:20,No gas detected
2025-03-12 15:37:21,No gas detected
2025-03-12 15:37:22,No gas detected
2025-03-12 15:37:23,No gas detected
2025-03-12 15:37:24,No gas detected
2025-03-12 15:37:25,No gas detected
2025-03-12 15:37:26,No gas detected
2025-03-12 15:37:27,No gas detected
2025-03-12 15:37:28,No gas detected
2025-03-12 15:37:29,No gas detected
2025-03-12 15:37:30,No gas detected
2025-03-12 15:37:31,No gas detected
2025-03-12 15:37:32,No gas detected
2025-03-12 15:37:33,No gas detected
2025-03-12 15:37:34,No gas detected
2025-03-12 15:37:35,No gas detected
